{
  "project_info": {
    "project_number": "545070499164",
    "firebase_url": "https://mobile-2e3da.firebaseio.com",
    "project_id": "mobile-2e3da",
    "storage_bucket": "mobile-2e3da.appspot.com"
  },
  "client": [
    {
      "client_info": {
        "mobilesdk_app_id": "1:545070499164:android:57b249c40d7c2033c02d99",
        "android_client_info": {
          "package_name": "com.example.mobile"
        }
      },
      "oauth_client": [
        {
          "client_id": "545070499164-8sep65casnephfmiktcu04aosg7qtcrh.apps.googleusercontent.com",
          "client_type": 1,
          "android_info": {
            "package_name": "com.example.mobile",
            "certificate_hash": "bb18aa58dfba97acf50d22ed10f0b9ef71bcc761"
          }
        },
        {
          "client_id": "545070499164-puv5i1jnf2do2011g3a9446jo8rsmhhn.apps.googleusercontent.com",
          "client_type": 3
        }
      ],
      "api_key": [
        {
          "current_key": "AIzaSyAxEqwJeml6uo7d0sqd1A11azPA5MI3APc"
        }
      ],
      "services": {
        "appinvite_service": {
          "other_platform_oauth_client": [
            {
              "client_id": "545070499164-puv5i1jnf2do2011g3a9446jo8rsmhhn.apps.googleusercontent.com",
              "client_type": 3
            }
          ]
        }
      }
    }
  ],
  "configuration_version": "1"
}